Plataforma,Tipo,Precio_desde,Control_diseño,Facilidad_uso,Personalización,Ideal_para
LearnDash (WordPress),Plugin LMS,$199/año,Total,3/5,Alta,Profesionales técnicos
Moodle,LMS Open Source,Gratuito,Total,2/5,Muy Alta,Instituciones educativas
Thinkific,SaaS,$49/mes,Medio,5/5,Media,Emprendedores
Teachable,SaaS,$39/mes,Medio,5/5,Media,Creadores de contenido
Kajabi,SaaS Todo-en-Uno,$149/mes,Alto,4/5,Alta,Negocios digitales
Udemy,Marketplace,Gratuito + comisión,Limitado,5/5,Baja,Instructores independientes
Coursera,Marketplace Académico,Gratuito + comisión,Limitado,5/5,Baja,Cursos académicos
ClassOnLive,Plataforma Española,$29/mes,Alto,4/5,Alta,Academias españolas
LifterLMS,Plugin LMS,$99/año,Total,4/5,Alta,Pequeñas empresas
TutorLMS,Plugin LMS,Gratuito,Total,4/5,Alta,Principiantes
